First name,Last name,Company,Email
Kimberly,Byrd,"Brown, Collier and Romero",caldwelljill@gmail.com
Kevin,Schultz,"Farrell, Hall and Jones",martinezjoanne@yahoo.com
Thomas,Mann,"Dixon, Estrada and Johnson",halecharles@yu.info
Autumn,Lamb,"Warner, Simmons and Dougherty",lindarusso@hoover.com
Victoria,Lewis,"Lowe, Sherman and Nelson",bjohnson@hotmail.com
Debbie,Copeland,"Fox, Parks and Cochran",karenbean@hotmail.com
Nicholas,Hernandez,"Porter, Martinez and Rice",rachel71@gmail.com
Barbara,Jones,Golden PLC,chanwilliam@reed-pope.net
Jennifer,Serrano,"Huffman, King and Hicks",jose51@gmail.com
Glen,Andersen,"Wilson, Allen and Newman",adkinsmary@juarez-brown.info
Karina,Henderson,Potter Inc,griffinbrent@yahoo.com
Katherine,Rojas,"James, Hernandez and Larson",hzamora@hotmail.com
Christina,Lee,"Anderson, Lee and Jackson",wangjennifer@yahoo.com
Audrey,Hicks,Gutierrez-Vaughan,nicholasconner@frye-howell.com
Leah,Jenkins,Morgan-Harper,misty32@henry.com
Heather,White,Dennis and Sons,zmeyers@casey.com
Richard,Bradford,"Curtis, Spencer and Aguirre",tonyastout@santiago.com
Brittany,Hayes,Mcneil-Clark,eobrien@coffey-salazar.com
Kyle,Ayers,Knox and Sons,joemorris@knapp.org
John,Morris,"Webster, Roberts and Malone",jonesbrenda@gmail.com
Jeanne,Jenkins,"Lee, Combs and Gordon",yvetteboyer@gmail.com
Benjamin,Hodges,Ruiz-Miller,rmatthews@yahoo.com
William,Oconnor,Nelson-Morales,mcmillanlisa@yahoo.com
Brenda,Dean,"Simmons, Brown and Jimenez",jason23@odom.org
Katherine,Harris,"Rojas, Rowe and Johnson",smiles@diaz-lewis.com
Andrew,Holder,"Bradshaw, Mitchell and Copeland",erinjohnson@gmail.com
Connie,Lopez,Adkins Group,joshua70@yahoo.com
Emily,Miller,Cisneros and Sons,david45@harrington-bauer.com
Stacey,Hoffman,"Scott, Jones and Tate",gonzalesryan@perry.com
Cindy,Walker,Wheeler Group,gonzalezjason@yahoo.com
Amy,Carter,Hill-Holt,hholloway@contreras-wilson.org
Michael,Chung,Freeman-Jensen,michael35@greer.com
Juan,Watson,"Wilson, Downs and Jones",gkelley@harvey.info
Michael,Grant,"Scott, Taylor and Jordan",dsmith@wolf.info
Amy,Wells,"Smith, Matthews and Weaver",heather42@gmail.com
Heather,Morrison,Ruiz-Sparks,allenpatricia@gmail.com
Michelle,Clark,Brown-Walters,kstokes@yahoo.com
Jonathan,Garcia,Ward Inc,david47@yahoo.com
Megan,Duncan,Sharp LLC,ramosrichard@cannon.com
Sabrina,Walker,Taylor-Peterson,kevinrodriguez@schultz.com
Wanda,Davis,Mckinney LLC,meganjones@yahoo.com
Christine,White,Harrison Group,johnsonronnie@villanueva-rangel.com
Vincent,Burton,Short PLC,laura86@rangel-patterson.com
Joseph,Burke,Anderson Inc,scott22@hotmail.com
Bailey,James,Oliver Ltd,wwallace@gmail.com
John,Peterson,"Washington, Martinez and Murphy",blanchardjanet@gmail.com
Nicholas,Graham,Bullock-Bruce,kellertyler@johnson.info
Heather,Romero,"Everett, Sullivan and Brown",nramirez@yahoo.com
Tammy,Ortega,Norman-Herrera,oharrison@gmail.com
John,Johnson,Meyer-Ramirez,robertoliver@yahoo.com
Christopher,Hughes,Woods Ltd,ashleytate@hoover-hudson.com
Monica,Smith,"Gutierrez, Taylor and Khan",mccartyjennifer@hotmail.com
Benjamin,Taylor,"Pineda, Morales and Bailey",robertbrown@powell.com
Larry,Livingston,Marquez PLC,iford@yahoo.com
Elizabeth,Lynch,"Miller, Mcdowell and Miller",connie59@gomez.com
Sandra,Turner,Myers Inc,mcdonaldscott@gmail.com
Terri,Phillips,Walton-Norris,lopezpaul@simpson.com
Melissa,Smith,Turner Ltd,nbray@hotmail.com
Carly,King,"Todd, Nelson and Green",steven26@gmail.com
Melinda,Ryan,"Jensen, Smith and Gilbert",pattersonallen@nelson.com
John,Rodriguez,"Nelson, Jones and Orr",daniel60@yahoo.com
Katie,Scott,Marquez and Sons,rsmith@pierce-singh.com
Lisa,Chandler,Costa and Sons,ujames@olson.com
Ian,Ramirez,Morse-Patterson,hallstuart@gmail.com
Harold,Rivera,White-Salinas,vanessa42@davis.com
Brian,Stevens,Kelly-Foster,nicholasrussell@cook.com
Susan,Parsons,Curry-Porter,mollylam@thomas-harvey.com
Katherine,Phillips,"Reed, Walter and Evans",uperez@young-young.com
Diana,Harris,"Lopez, Gonzalez and Bradshaw",andersonbrenda@hotmail.com
Alexandra,Robinson,Morales-Savage,william25@stephens.com
Stephanie,Fernandez,"Wright, Keith and Delgado",denise28@yahoo.com
Mackenzie,Flowers,Sanchez LLC,millerlaurie@yahoo.com
Jeffrey,Barnett,Walker Group,shawaaron@green-pearson.org
Maria,Hill,"Cooper, Lewis and Green",kathleenwilliams@banks.com
Perry,Armstrong,Johnson Group,oruiz@reid.biz
Curtis,Bryant,Thompson-George,gregg15@gmail.com
Janice,Perez,Rodriguez Ltd,laurajones@dennis-taylor.biz
Carl,Henderson,Pierce Group,meyertanya@reed.com
Tiffany,Pineda,"West, Henderson and Goodman",michael89@huff.org
Crystal,Thornton,Hogan Group,rachel55@yang-swanson.com
John,Cline,"Cooper, Green and Brooks",elizabeth82@hayes-pittman.com
Johnny,Clark,Sharp Ltd,downskatelyn@kirk.com
Mary,Hurst,Schaefer Inc,alexarogers@yahoo.com
Jessica,Hill,Paul Inc,wagnerjulie@hotmail.com
Bobby,Rogers,"Jones, Kelly and Ross",jason22@brown-wood.com
Steven,Turner,Smith-West,lkeith@harvey.com
Laura,Smith,Curtis-Cisneros,wfarmer@yahoo.com
Joseph,Harris,"Walter, Richardson and Reed",campbellmartin@yahoo.com
Teresa,Arnold,Rush-Cox,scarpenter@yahoo.com
Angela,Smith,"Miller, Powell and Combs",maysgabriel@cunningham-rivas.com
Whitney,Ruiz,Rivera-Short,jennifer54@lee.org
Sara,Jimenez,"Phillips, Sweeney and Johnson",cristian58@hotmail.com
Jason,Sims,Harrison-Hill,theodore19@willis-aguilar.com
Steven,Graves,Grant-Chen,tracey94@ramirez-schaefer.biz
Chelsea,Martin,Williams-Medina,drogers@padilla-arroyo.org
Thomas,Carlson,Tyler-Scott,catherine03@gmail.com
Francisco,Howe,Charles Inc,christopher39@gmail.com
Barbara,Duncan,Bates and Sons,cwood@hotmail.com
David,Stokes,Daniels Inc,maria67@gmail.com
Jason,Jenkins,Sims-Ramsey,chanchad@blankenship-blackwell.com
